,size,n,dt,dx,a,xmed,stdvar,skew,iter,time,program_time,a_real,xmod_real,stdvar_real,skew_real,real_time
0,100,256,1.0000000000000001e-20,0.3906,99.99999997,20.00025357,5.0404767,-2.29e-06,55067,5.507000000000001e-16,12.4787037373,100.0,20.00020589,5.04047639,0.0,2.1739558415e-14
1,100,256,5e-20,0.3906,99.99999997,20.00243275,5.04048109,-2.3e-06,11014,5.507000000000001e-16,2.5014739037,100.0,20.00238528,5.04048079,0.0,2.1740742867e-14
2,100,256,1e-19,0.3906,99.99999997,20.00243275,5.04048109,-2.3e-06,5507,5.507000000000001e-16,1.2393360138,100.0,20.00238528,5.04048079,0.0,2.1740742867e-14
3,100,256,5e-19,0.3906,99.99999997,20.02422452,5.04052504,-2.36e-06,1102,5.51e-16,0.2481629848,100.0,20.02417913,5.04052473,0.0,2.1752587363999998e-14
4,100,256,1e-18,0.3906,99.99999997,20.02422452,5.04052504,-2.36e-06,551,5.51e-16,0.1271879673,100.0,20.02417913,5.04052473,0.0,2.1752587363999998e-14
5,100,256,5e-18,0.3906,99.99999995,20.31478146,5.04111327,-3.43e-06,111,5.549999999999999e-16,0.025664091099999998,100.0,20.31473813,5.04111284,0.0,2.1910502232e-14
6,100,256,1e-17,0.3906,99.99999991,20.67797761,5.04185454,-5.45e-06,56,5.599999999999999e-16,0.013152360900000002,100.0,20.67793068,5.04185386,0.0,2.2107893027e-14
7,100,256,5e-17,0.3906,99.99999720000001,23.58354142,5.0480397,-0.00017308,12,6e-16,0.0030345917,100.0,23.58349541,5.04801704,0.0,2.3687029366e-14
8,100,256,1e-16,0.3906,99.99999720000001,23.58354142,5.0480397,-0.00017308,6,6e-16,0.0016548634,100.0,23.58349541,5.04801704,0.0,2.3687029366e-14
9,100,256,5e-16,0.3906,99.999926,24.8861318,5.51081906,-0.00459142,4,1.9999999999999998e-15,0.0012309551,100.0,24.88608853,5.05091545,0.0,2.4394971015e-14
10,100,512,1.0000000000000001e-20,0.1953,99.99999998,20.00025356,5.04047679,-2.82e-06,55067,5.507000000000001e-16,15.4908456802,100.0,20.00020587,5.04047639,0.0,2.1739558408e-14
11,100,512,5e-20,0.1953,99.99999998,20.00243273,5.04048118,-2.83e-06,11014,5.507000000000001e-16,3.1585884094,100.0,20.00238526,5.04048079,0.0,2.1740742859999996e-14
12,100,512,1e-19,0.1953,99.99999998,20.00243273,5.04048118,-2.83e-06,5507,5.507000000000001e-16,1.5621347427,100.0,20.00238526,5.04048079,0.0,2.1740742859999996e-14
13,100,512,5e-19,0.1953,99.99999998,20.02422451,5.04052513,-2.92e-06,1102,5.51e-16,0.3023822308,100.0,20.02417912,5.04052473,0.0,2.1752587357e-14
14,100,512,1e-18,0.1953,99.99999998,20.02422451,5.04052513,-2.92e-06,551,5.51e-16,0.1487896442,100.0,20.02417912,5.04052473,0.0,2.1752587357e-14
15,100,512,5e-18,0.1953,99.99999997,20.31478144,5.04111342,-4.25e-06,111,5.549999999999999e-16,0.03292799,100.0,20.31473811,5.04111284,0.0,2.1910502221999998e-14
16,100,512,1e-17,0.1953,99.99999995,20.67797758,5.04185477,-6.77e-06,56,5.599999999999999e-16,0.018889188799999998,100.0,20.67793064,5.04185386,0.0,2.2107893010000002e-14
17,100,512,5e-17,0.1953,99.99999843,23.5835405,5.04804628,-0.00021041,12,6e-16,0.0038437843,100.0,23.58349449,5.04801704,0.0,2.3687028863e-14
18,100,512,1e-16,0.1953,99.99999843,23.5835405,5.04804628,-0.00021041,6,6e-16,0.0021262169,100.0,23.58349449,5.04801704,0.0,2.3687028863e-14
19,100,512,5e-16,0.1953,99.99995268,25.08252649,5.51116583,-0.0064347,4,1.9999999999999998e-15,0.0016272068,100.0,25.0824915,5.05135972,0.0,2.4501711929e-14
20,100,1024,1.0000000000000001e-20,0.09766,99.99999999,20.00025355,5.04047685,-3.16e-06,55067,5.507000000000001e-16,19.1703512669,100.0,20.00020587,5.04047639,0.0,2.1739558404e-14
21,100,1024,5e-20,0.09766,99.99999999,20.00243273,5.04048124,-3.17e-06,11014,5.507000000000001e-16,3.9445166588,100.0,20.00238526,5.04048079,0.0,2.1740742856e-14
22,100,1024,1e-19,0.09766,99.99999999,20.00243273,5.04048124,-3.17e-06,5507,5.507000000000001e-16,1.9472301006000001,100.0,20.00238526,5.04048079,0.0,2.1740742856e-14
23,100,1024,5e-19,0.09766,99.99999999,20.0242245,5.0405252,-3.26e-06,1102,5.51e-16,0.3948230743,100.0,20.02417911,5.04052473,0.0,2.1752587353000002e-14
24,100,1024,1e-18,0.09766,99.99999999,20.0242245,5.0405252,-3.26e-06,551,5.51e-16,0.1926229,100.0,20.02417911,5.04052473,0.0,2.1752587353000002e-14
25,100,1024,5e-18,0.09766,99.99999998,20.31478143,5.04111351,-4.79e-06,111,5.549999999999999e-16,0.04464221,100.0,20.314738100000003,5.04111284,0.0,2.1910502215e-14
26,100,1024,1e-17,0.09766,99.99999997,20.67797756,5.04185492,-7.58e-06,56,5.599999999999999e-16,0.0199503899,100.0,20.67793062,5.04185386,0.0,2.2107892999e-14
27,100,1024,5e-17,0.09766,99.99999917,23.58353996,5.04805018,-0.00023244,12,6e-16,0.0047962666,100.0,23.58349395,5.04801704,0.0,2.3687028566999998e-14
28,100,1024,1e-16,0.09766,99.99999917,23.58353996,5.04805018,-0.00023244,6,6e-16,0.0025372504999999997,100.0,23.58349395,5.04801704,0.0,2.3687028566999998e-14
29,100,1024,5e-16,0.09766,99.99997329,25.18042738,5.51138985,-0.00761255,4,1.9999999999999998e-15,0.0019156932999999999,100.0,25.18038019,5.05158186,0.0,2.4554915323e-14
30,100,2048,1.0000000000000001e-20,0.04883,100.0,20.00025355,5.04047688,-3.35e-06,55067,5.507000000000001e-16,26.9882199764,100.0,20.00020586,5.04047639,0.0,2.1739558402e-14
31,100,2048,5e-20,0.04883,100.0,20.00243272,5.04048128,-3.35e-06,11014,5.507000000000001e-16,5.313467741,100.0,20.00238525,5.04048079,0.0,2.1740742854000002e-14
32,100,2048,1e-19,0.04883,100.0,20.00243272,5.04048128,-3.35e-06,5507,5.507000000000001e-16,2.6874542236,100.0,20.00238525,5.04048079,0.0,2.1740742854000002e-14
33,100,2048,5e-19,0.04883,99.99999999,20.02422449,5.04052523,-3.45e-06,1102,5.51e-16,0.5356969832999999,100.0,20.02417911,5.04052473,0.0,2.1752587351e-14
34,100,2048,1e-18,0.04883,99.99999999,20.02422449,5.04052523,-3.45e-06,551,5.51e-16,0.2697052956,100.0,20.02417911,5.04052473,0.0,2.1752587351e-14
35,100,2048,5e-18,0.04883,99.99999999,20.31478142,5.04111356,-5.07e-06,111,5.549999999999999e-16,0.057310104400000006,100.0,20.31473809,5.04111284,0.0,2.1910502211e-14
36,100,2048,1e-17,0.04883,99.99999999,20.67797755,5.04185499,-8e-06,56,5.599999999999999e-16,0.030995369,100.0,20.67793061,5.04185386,0.0,2.2107892993e-14
37,100,2048,5e-17,0.04883,99.99999957,23.58353966,5.04805229,-0.00024441,12,6e-16,0.0064067841,100.0,23.58349365,5.04801704,0.0,2.3687028407e-14
38,100,2048,1e-16,0.04883,99.99999957,23.58353966,5.04805229,-0.00024441,6,6e-16,0.0035402775,100.0,23.58349365,5.04801704,0.0,2.3687028407e-14
39,100,2048,5e-16,0.04883,99.99998583,25.22930362,5.51151677,-0.00827662,4,1.9999999999999998e-15,0.0026564597999999997,100.0,25.22925877,5.05169296,0.0,2.4581479755999998e-14
40,100,4096,1.0000000000000001e-20,0.02441,100.0,20.00025354,5.0404769,-3.44e-06,55067,5.507000000000001e-16,42.2275083065,100.0,20.00020586,5.04047639,0.0,2.1739558401e-14
41,100,4096,5e-20,0.02441,100.0,20.00243272,5.04048129,-3.45e-06,11014,5.507000000000001e-16,8.43379426,100.0,20.00238525,5.04048079,0.0,2.1740742853e-14
42,100,4096,1e-19,0.02441,100.0,20.00243272,5.04048129,-3.45e-06,5507,5.507000000000001e-16,4.2191326618,100.0,20.00238525,5.04048079,0.0,2.1740742853e-14
43,100,4096,5e-19,0.02441,100.0,20.02422449,5.04052525,-3.55e-06,1102,5.51e-16,0.8348705769,100.0,20.0241791,5.04052473,0.0,2.1752587349e-14
44,100,4096,1e-18,0.02441,100.0,20.02422449,5.04052525,-3.55e-06,551,5.51e-16,0.42925310130000005,100.0,20.0241791,5.04052473,0.0,2.1752587349e-14
45,100,4096,5e-18,0.02441,100.0,20.31478142,5.04111359,-5.21e-06,111,5.549999999999999e-16,0.08927106859999999,100.0,20.31473809,5.04111284,0.0,2.1910502209e-14
46,100,4096,1e-17,0.02441,99.99999999,20.67797754,5.04185503,-8.21e-06,56,5.599999999999999e-16,0.048181057,100.0,20.67793061,5.04185386,0.0,2.2107892990000002e-14
47,100,4096,5e-17,0.02441,99.99999978,23.5835395,5.048053400000001,-0.00025069,12,6e-16,0.0102562904,100.0,23.58349349,5.04801704,0.0,2.3687028322000002e-14
48,100,4096,1e-16,0.02441,99.99999978,23.5835395,5.048053400000001,-0.00025069,6,6e-16,0.005600214,100.0,23.58349349,5.04801704,0.0,2.3687028322000002e-14
49,100,4096,5e-16,0.02441,99.9999927,25.25372317,5.51158427,-0.00862904,4,1.9999999999999998e-15,0.0041224957,100.0,25.25367944,5.05174851,0.0,2.4594751862e-14
50,250,256,1.0000000000000001e-20,0.9766,99.99700689,20.00000827,30.27012452,-0.02986151,2577202,2.577e-14,579.8644351959,100.0,19.99996056,5.040475900000001,0.0,2.1739425086e-14
51,250,256,5e-20,0.9766,99.99700688,20.00000827,30.27012452,-0.02986151,515442,2.577e-14,116.2997050285,100.0,19.99996056,5.040475900000001,0.0,2.1739425086e-14
52,250,256,1e-19,0.9766,99.99700688,20.00000827,30.27012452,-0.02986151,257722,2.577e-14,58.1959786415,100.0,19.99996056,5.040475900000001,0.0,2.1739425086e-14
53,250,256,5e-19,0.9766,99.99700688,20.00000827,30.27012452,-0.02986151,51546,2.577e-14,11.6004023552,100.0,19.99996056,5.040475900000001,0.0,2.1739425086e-14
54,250,256,1e-18,0.9766,99.99700688,20.00000827,30.27012452,-0.02986151,25774,2.577e-14,5.8001654148,100.0,19.99996056,5.040475900000001,0.0,2.1739425086e-14
55,250,256,5e-18,0.9766,99.99700227,20.00454408,30.27359504,-0.02991196,5157,2.5789999999999997e-14,1.1684117317,100.0,20.00449681,5.04048504,0.0,2.1741890442e-14
56,250,256,1e-17,0.9766,99.99699457,20.01210329,30.27937945,-0.02999616,2580,2.58e-14,0.6051058769,100.0,20.01205676,5.04050028,0.0,2.1745999109999998e-14
57,250,256,5e-17,0.9766,99.99696364,20.04233425,30.30251984,-0.03033471,518,2.59e-14,0.1221351624,100.0,20.04229053,5.04056127,0.0,2.1762430529e-14
58,250,256,1e-16,0.9766,99.99696364,20.04233425,30.30251984,-0.03033471,260,2.6e-14,0.0633358955,100.0,20.04229053,5.04056127,0.0,2.1762430529e-14
59,250,256,5e-16,0.9766,99.99664187,20.34410936,30.53417027,-0.03387287,54,2.7000000000000005e-14,0.01242733,100.0,20.34405992,5.04117243,0.0,2.1926438823000002e-14
60,250,512,1.0000000000000001e-20,0.4883,99.99634454,20.00060368,24.67726627,-2.90235809,63663,6.366e-16,16.954836607,100.0,20.00055604,5.0404770999999995,0.0,2.1739748714e-14
61,250,512,5e-20,0.4883,99.99634422,20.00188073,24.67797736,-2.90238233,12733,6.367000000000001e-16,3.4272444248,100.0,20.0018332,5.04047967,0.0,2.1740442827e-14
62,250,512,1e-19,0.4883,99.99634344,20.00507334,24.67975507,-2.90244293,6367,6.367000000000001e-16,1.7001664638999998,100.0,20.00502613,5.04048611,0.0,2.1742178114999997e-14
63,250,512,5e-19,0.4883,99.99633876,20.02422935,24.69042096,-2.90280634,1274,6.37e-16,0.34334349630000005,100.0,20.02418396,5.04052474,0.0,2.1752589989e-14
64,250,512,1e-18,0.4883,99.99633876,20.02422935,24.69042096,-2.90280634,637,6.37e-16,0.1727263927,100.0,20.02418396,5.04052474,0.0,2.1752589989e-14
65,250,512,5e-18,0.4883,99.99629159999999,20.21581822,24.7970449,-2.90642464,128,6.4e-16,0.0368413925,100.0,20.215774300000003,5.04091206,0.0,2.185671673e-14
66,250,512,1e-17,0.4883,99.99629159999999,20.21581822,24.7970449,-2.90642464,64,6.4e-16,0.019394636200000002,100.0,20.215774300000003,5.04091206,0.0,2.185671673e-14
67,250,512,5e-17,0.4883,99.99613051,20.8548331,25.15198539,-2.91828345,13,6.5e-16,0.0038616657,100.0,20.85479165,5.04221707,0.0,2.2204014098999998e-14
68,250,512,1e-16,0.4883,99.99522557,24.05959226,26.91419466,-2.97354905,7,7e-16,0.0022425652,100.0,24.05955608,5.04906662,0.0,2.3945760441e-14
69,250,512,5e-16,0.4883,99.98249003,43.91691541,36.52979997,-3.26669845,2,9.999999999999999e-16,0.0008881092,100.0,43.91688546,5.10271356,-6.87e-06,3.4737946296e-14
70,250,1024,1.0000000000000001e-20,0.2441,100.0,20.00025364,5.04047649,0.0,55067,5.507000000000001e-16,18.8588459492,100.0,20.00020596,5.04047639,0.0,2.1739558453999998e-14
71,250,1024,5e-20,0.2441,100.0,20.00243282,5.04048088,0.0,11014,5.507000000000001e-16,3.7827191353,100.0,20.00238535,5.04048079,0.0,2.1740742907e-14
72,250,1024,1e-19,0.2441,100.0,20.00243282,5.04048088,0.0,5507,5.507000000000001e-16,1.8771753311000001,100.0,20.00238535,5.04048079,0.0,2.1740742907e-14
73,250,1024,5e-19,0.2441,100.0,20.02422459,5.04052482,0.0,1102,5.51e-16,0.3855428696,100.0,20.02417921,5.04052473,0.0,2.1752587405e-14
74,250,1024,1e-18,0.2441,100.0,20.02422459,5.04052482,0.0,551,5.51e-16,0.1957724094,100.0,20.02417921,5.04052473,0.0,2.1752587405e-14
75,250,1024,5e-18,0.2441,100.0,20.31478158,5.04111293,0.0,111,5.549999999999999e-16,0.0423569679,100.0,20.31473825,5.04111284,0.0,2.1910502297e-14
76,250,1024,1e-17,0.2441,100.0,20.67797781,5.04185395,0.0,56,5.599999999999999e-16,0.0199735165,100.0,20.67793087,5.04185386,0.0,2.2107893135e-14
77,250,1024,5e-17,0.2441,100.0,23.58354765,5.04801716,0.0,12,6e-16,0.0046765804,100.0,23.58350164,5.04801706,0.0,2.368703275e-14
78,250,1024,1e-16,0.2441,100.0,23.58354765,5.04801716,0.0,6,6e-16,0.0025246142999999998,100.0,23.58350164,5.04801706,0.0,2.368703275e-14
79,250,1024,5e-16,0.2441,100.0,52.63924609,5.13227187,0.0,2,9.999999999999999e-16,0.0011479855,99.99998933,52.63922166,5.14204862,-0.09692744,3.9478944226e-14
80,250,2048,1.0000000000000001e-20,0.1221,100.0,20.00025364,5.04047649,0.0,55067,5.507000000000001e-16,27.1238152981,100.0,20.00020596,5.04047639,0.0,2.1739558455e-14
81,250,2048,5e-20,0.1221,100.0,20.00243282,5.04048088,0.0,11014,5.507000000000001e-16,5.426839113200001,100.0,20.00238535,5.04048079,0.0,2.1740742907e-14
82,250,2048,1e-19,0.1221,100.0,20.00243282,5.04048088,0.0,5507,5.507000000000001e-16,2.6946136950999997,100.0,20.00238535,5.04048079,0.0,2.1740742907e-14
83,250,2048,5e-19,0.1221,100.0,20.02422459,5.04052482,0.0,1102,5.51e-16,0.5491547585000001,100.0,20.02417921,5.04052473,0.0,2.1752587405e-14
84,250,2048,1e-18,0.1221,100.0,20.02422459,5.04052482,0.0,551,5.51e-16,0.272952795,100.0,20.02417921,5.04052473,0.0,2.1752587405e-14
85,250,2048,5e-18,0.1221,100.0,20.31478158,5.04111293,0.0,111,5.549999999999999e-16,0.0576658249,100.0,20.31473825,5.04111284,0.0,2.1910502297e-14
86,250,2048,1e-17,0.1221,100.0,20.67797781,5.04185395,0.0,56,5.599999999999999e-16,0.030781745899999997,100.0,20.67793087,5.04185386,0.0,2.2107893135e-14
87,250,2048,5e-17,0.1221,100.0,23.58354765,5.04801716,0.0,12,6e-16,0.0065159798,100.0,23.58350164,5.04801706,0.0,2.368703275e-14
88,250,2048,1e-16,0.1221,100.0,23.58354765,5.04801716,0.0,6,6e-16,0.0035643578000000005,100.0,23.58350164,5.04801706,0.0,2.368703275e-14
89,250,2048,5e-16,0.1221,100.0,52.63924609,5.13227187,0.0,2,9.999999999999999e-16,0.0015995502,99.99998933,52.63922166,5.14204862,-0.09692744,3.9478944226e-14
90,250,4096,1.0000000000000001e-20,0.06104,100.0,20.00025364,5.04047649,0.0,55067,5.507000000000001e-16,42.2285284996,100.0,20.00020596,5.04047639,0.0,2.1739558453999998e-14
91,250,4096,5e-20,0.06104,100.0,20.00243282,5.04048088,0.0,11014,5.507000000000001e-16,8.4377746582,100.0,20.00238535,5.04048079,0.0,2.1740742907e-14
92,250,4096,1e-19,0.06104,100.0,20.00243282,5.04048088,0.0,5507,5.507000000000001e-16,4.2215356827,100.0,20.00238535,5.04048079,0.0,2.1740742907e-14
93,250,4096,5e-19,0.06104,100.0,20.02422459,5.04052482,0.0,1102,5.51e-16,0.8515188694,100.0,20.02417921,5.04052473,0.0,2.1752587405e-14
94,250,4096,1e-18,0.06104,100.0,20.02422459,5.04052482,0.0,551,5.51e-16,0.43604254719999996,100.0,20.02417921,5.04052473,0.0,2.1752587405e-14
95,250,4096,5e-18,0.06104,100.0,20.31478158,5.04111293,0.0,111,5.549999999999999e-16,0.0925474167,100.0,20.31473825,5.04111284,0.0,2.1910502297e-14
96,250,4096,1e-17,0.06104,100.0,20.67797781,5.04185395,0.0,56,5.599999999999999e-16,0.05016183849999999,100.0,20.67793087,5.04185386,0.0,2.2107893135e-14
97,250,4096,5e-17,0.06104,100.0,23.58354765,5.04801716,0.0,12,6e-16,0.0102174282,100.0,23.58350164,5.04801706,0.0,2.368703275e-14
98,250,4096,1e-16,0.06104,100.0,23.58354765,5.04801716,0.0,6,6e-16,0.0056500435,100.0,23.58350164,5.04801706,0.0,2.368703275e-14
99,250,4096,5e-16,0.06104,100.0,52.63924609,5.13227187,0.0,2,9.999999999999999e-16,0.0028820038,99.99998933,52.63922166,5.14204862,-0.09692744,3.9478944226e-14
100,400,256,1.0000000000000001e-20,1.5619999999999998,99.99989389,20.00002498,7.75909956,-5.01661472,200713,2.007e-15,45.4226381779,100.0,19.99997728,5.04047593,0.0,2.173943417e-14
101,400,256,5e-20,1.5619999999999998,99.99989388,20.00082231,7.75918909,-5.01675223,40145,2.007e-15,9.016008615499999,100.0,20.00077468,5.04047754,0.0,2.1739867544e-14
102,400,256,1e-19,1.5619999999999998,99.99989388,20.00181897,7.75930101,-5.01692411,20074,2.007e-15,4.526506424,100.0,20.00177144,5.04047955,0.0,2.1740409261e-14
103,400,256,5e-19,1.5619999999999998,99.99989384,20.00779894,7.75997255,-5.01795532,4017,2.009e-15,0.9067094326,100.0,20.00775199,5.04049161,0.0,2.1743659562e-14
104,400,256,1e-18,1.5619999999999998,99.99989378,20.01776556,7.76109186,-5.01967372,2010,2.0100000000000003e-15,0.4588034153,100.0,20.01771956,5.0405117,0.0,2.1749076725e-14
105,400,256,5e-18,1.5619999999999998,99.99989355,20.05763204,7.76557018,-5.02654372,404,2.02e-15,0.0957546234,100.0,20.05758968,5.04059214,0.0,2.1770745301e-14
106,400,256,1e-17,1.5619999999999998,99.99989355,20.05763204,7.76557018,-5.02654372,203,2.0300000000000002e-15,0.0504691601,100.0,20.05758968,5.04059214,0.0,2.1770745301e-14
107,400,256,5e-17,1.5619999999999998,99.99988883,20.85496628,7.85549078,-5.16273306,43,2.15e-15,0.009814500799999999,100.0,20.85492484,5.04221734,0.0,2.2204086483e-14
108,400,256,1e-16,1.5619999999999998,99.99988274,21.85164677,7.9688113,-5.32968183,23,2.3e-15,0.005355358100000001,100.0,21.85159747,5.04429313,0.0,2.2745765979000002e-14
109,400,256,5e-16,1.5619999999999998,99.99982595,29.82564902,8.90661653,-6.53018779,7,3.5e-15,0.0017197132000000002,100.0,29.82560264,5.06266482,0.0,2.7079531437000002e-14
110,400,512,1.0000000000000001e-20,0.7812,100.0,20.00013424,5.49649297,0.0,197195,1.9719999999999997e-15,53.2876021862,100.0,20.00008654,5.04047615,0.0,2.1739493555e-14
111,400,512,5e-20,0.7812,100.0,20.00053993,5.49650258,0.0,39441,1.9719999999999997e-15,10.6487152576,100.0,20.00049228,5.04047697,0.0,2.1739714063e-14
112,400,512,1e-19,0.7812,100.0,20.00155417,5.49652662,0.0,19722,1.9719999999999997e-15,5.2823159695,100.0,20.00150662,5.04047902,0.0,2.1740265334e-14
113,400,512,5e-19,0.7812,100.0,20.00155417,5.49652662,0.0,3946,1.973e-15,1.0737431049,100.0,20.00150662,5.04047902,0.0,2.1740265334e-14
114,400,512,1e-18,0.7812,100.0,20.00155417,5.49652662,0.0,1974,1.9739999999999997e-15,0.5356276035,100.0,20.00150662,5.04047902,0.0,2.1740265334e-14
115,400,512,5e-18,0.7812,100.0,20.06240846,5.49797003,0.0,397,1.985e-15,0.1108477116,100.0,20.06236653,5.04060179,0.0,2.1773341417e-14
116,400,512,1e-17,0.7812,100.0,20.16383228,5.50037973,0.0,200,1.9999999999999998e-15,0.05699777599999999,100.0,20.16378347,5.04080678,0.0,2.182846083e-14
117,400,512,5e-17,0.7812,100.0,20.56952756,5.510068799999999,0.0,42,2.1e-15,0.012034893,100.0,20.56948045,5.0416319000000005,0.0,2.2048951749e-14
118,400,512,1e-16,0.7812,100.0,20.56952756,5.510068799999999,0.0,22,2.2e-15,0.0123715401,100.0,20.56948045,5.0416319000000005,0.0,2.2048951749e-14
119,400,512,5e-16,0.7812,100.0,20.56952756,5.510068799999999,0.0,6,3e-15,0.001843214,100.0,20.56948045,5.0416319000000005,0.0,2.2048951749e-14
120,400,1024,1.0000000000000001e-20,0.3906,100.0,20.00025364,5.04047649,0.0,55067,5.507000000000001e-16,19.1051185131,100.0,20.00020596,5.04047639,0.0,2.1739558455e-14
121,400,1024,5e-20,0.3906,100.0,20.00243282,5.04048088,0.0,11014,5.507000000000001e-16,3.8547775745,100.0,20.00238535,5.04048079,0.0,2.1740742907e-14
122,400,1024,1e-19,0.3906,100.0,20.00243282,5.04048088,0.0,5507,5.507000000000001e-16,1.9015908241,100.0,20.00238535,5.04048079,0.0,2.1740742907e-14
123,400,1024,5e-19,0.3906,100.0,20.02422459,5.04052482,0.0,1102,5.51e-16,0.39155578609999997,100.0,20.02417921,5.04052473,0.0,2.1752587405e-14
124,400,1024,1e-18,0.3906,100.0,20.02422459,5.04052482,0.0,551,5.51e-16,0.19581389429999999,100.0,20.02417921,5.04052473,0.0,2.1752587405e-14
125,400,1024,5e-18,0.3906,100.0,20.31478158,5.04111293,0.0,111,5.549999999999999e-16,0.0412533283,100.0,20.31473825,5.04111284,0.0,2.1910502297e-14
126,400,1024,1e-17,0.3906,100.0,20.67797781,5.04185395,0.0,56,5.599999999999999e-16,0.021742105499999997,100.0,20.67793087,5.04185386,0.0,2.2107893135e-14
127,400,1024,5e-17,0.3906,100.0,23.58354765,5.04801716,0.0,12,6e-16,0.0046594143,100.0,23.58350164,5.04801706,0.0,2.368703275e-14
128,400,1024,1e-16,0.3906,100.0,23.58354765,5.04801716,0.0,6,6e-16,0.0025031567,100.0,23.58350164,5.04801706,0.0,2.368703275e-14
129,400,1024,5e-16,0.3906,100.0,52.63924609,5.13227187,0.0,2,9.999999999999999e-16,0.0011425018,99.99998933,52.63922166,5.14204862,-0.09692744,3.9478944226e-14
130,400,2048,1.0000000000000001e-20,0.1953,100.0,20.00025364,5.04047649,0.0,55067,5.507000000000001e-16,26.7801167965,100.0,20.00020596,5.04047639,0.0,2.1739558455e-14
131,400,2048,5e-20,0.1953,100.0,20.00243282,5.04048088,0.0,11014,5.507000000000001e-16,5.3057777882,100.0,20.00238535,5.04048079,0.0,2.1740742907e-14
132,400,2048,1e-19,0.1953,100.0,20.00243282,5.04048088,0.0,5507,5.507000000000001e-16,2.679336071,100.0,20.00238535,5.04048079,0.0,2.1740742907e-14
133,400,2048,5e-19,0.1953,100.0,20.02422459,5.04052482,0.0,1102,5.51e-16,0.5407803059,100.0,20.02417921,5.04052473,0.0,2.1752587405e-14
134,400,2048,1e-18,0.1953,100.0,20.02422459,5.04052482,0.0,551,5.51e-16,0.2701919079,100.0,20.02417921,5.04052473,0.0,2.1752587405e-14
135,400,2048,5e-18,0.1953,100.0,20.31478158,5.04111293,0.0,111,5.549999999999999e-16,0.0573785305,100.0,20.31473825,5.04111284,0.0,2.1910502297e-14
136,400,2048,1e-17,0.1953,100.0,20.67797781,5.04185395,0.0,56,5.599999999999999e-16,0.03186059,100.0,20.67793087,5.04185386,0.0,2.2107893135e-14
137,400,2048,5e-17,0.1953,100.0,23.58354765,5.04801716,0.0,12,6e-16,0.0064275265,100.0,23.58350164,5.04801706,0.0,2.368703275e-14
138,400,2048,1e-16,0.1953,100.0,23.58354765,5.04801716,0.0,6,6e-16,0.0035836696999999996,100.0,23.58350164,5.04801706,0.0,2.368703275e-14
139,400,2048,5e-16,0.1953,100.0,52.63924609,5.13227187,0.0,2,9.999999999999999e-16,0.0016245842000000002,99.99998933,52.63922166,5.14204862,-0.09692744,3.9478944226e-14
140,400,4096,1.0000000000000001e-20,0.09766,100.0,20.00025364,5.04047649,0.0,55067,5.507000000000001e-16,42.6304545403,100.0,20.00020596,5.04047639,0.0,2.1739558455e-14
141,400,4096,5e-20,0.09766,100.0,20.00243282,5.04048088,0.0,11014,5.507000000000001e-16,8.396392822300001,100.0,20.00238535,5.04048079,0.0,2.1740742907e-14
142,400,4096,1e-19,0.09766,100.0,20.00243282,5.04048088,0.0,5507,5.507000000000001e-16,4.2183127403,100.0,20.00238535,5.04048079,0.0,2.1740742907e-14
143,400,4096,5e-19,0.09766,100.0,20.02422459,5.04052482,0.0,1102,5.51e-16,0.8500852584999999,100.0,20.02417921,5.04052473,0.0,2.1752587405e-14
144,400,4096,1e-18,0.09766,100.0,20.02422459,5.04052482,0.0,551,5.51e-16,0.4289851189,100.0,20.02417921,5.04052473,0.0,2.1752587405e-14
145,400,4096,5e-18,0.09766,100.0,20.31478158,5.04111293,0.0,111,5.549999999999999e-16,0.0900552273,100.0,20.31473825,5.04111284,0.0,2.1910502297e-14
146,400,4096,1e-17,0.09766,100.0,20.67797781,5.04185395,0.0,56,5.599999999999999e-16,0.0480053425,100.0,20.67793087,5.04185386,0.0,2.2107893135e-14
147,400,4096,5e-17,0.09766,100.0,23.58354765,5.04801716,0.0,12,6e-16,0.0104148388,100.0,23.58350164,5.04801706,0.0,2.368703275e-14
148,400,4096,1e-16,0.09766,100.0,23.58354765,5.04801716,0.0,6,6e-16,0.0057048798,100.0,23.58350164,5.04801706,0.0,2.368703275e-14
149,400,4096,5e-16,0.09766,100.0,52.63924609,5.13227187,0.0,2,9.999999999999999e-16,0.0026500225,99.99998933,52.63922166,5.14204862,-0.09692744,3.9478944226e-14
150,550,256,1.0000000000000001e-20,2.148,100.0,20.00003015,10.22723615,0.0,770654,7.707e-15,174.3641326427,100.0,19.99998245,5.04047594,0.0,2.173943698e-14
151,550,256,5e-20,2.148,100.0,20.00008205,10.22724625,0.0,154131,7.707e-15,34.9201025963,100.0,20.00003436,5.04047605,0.0,2.1739465191e-14
152,550,256,1e-19,2.148,100.0,20.00034157,10.22729675,0.0,77066,7.707e-15,17.4186146259,100.0,20.0002939,5.04047657,0.0,2.1739606249e-14
153,550,256,5e-19,2.148,100.0,20.00241774,10.22770071,0.0,15414,7.707e-15,3.4615323544,100.0,20.00237026,5.04048076,0.0,2.1740734708e-14
154,550,256,1e-18,2.148,100.0,20.00241774,10.22770071,0.0,7707,7.707e-15,1.7409393787,100.0,20.00237026,5.04048076,0.0,2.1740734708e-14
155,550,256,5e-18,2.148,100.0,20.01798894,10.23073057,0.0,1542,7.71e-15,0.3493373394,100.0,20.01794296,5.04051215,0.0,2.1749198138e-14
156,550,256,1e-17,2.148,100.0,20.01798894,10.23073057,0.0,771,7.71e-15,0.178486824,100.0,20.01794296,5.04051215,0.0,2.1749198138e-14
157,550,256,5e-17,2.148,100.0,20.22560496,10.27115557,0.0,155,7.75e-15,0.0387215614,100.0,20.22556191,5.0409319,0.0,2.1862036089e-14
158,550,256,1e-16,2.148,100.0,20.48512499,10.32175632,0.0,78,7.8e-15,0.0179884434,100.0,20.48507953,5.04145957,0.0,2.2003080778e-14
159,550,256,5e-16,2.148,100.0,21.52320512,10.52491005,0.0,16,7.999999999999999e-15,0.003994226500000001,100.0,21.52316563,5.04360367,0.0,2.2567266369000002e-14
160,550,512,1.0000000000000001e-20,1.074,100.0,20.00003673,10.43135308,0.0,790804,7.908e-15,214.8361217976,100.0,19.99998902,5.04047596,0.0,2.1739440554e-14
161,550,512,5e-20,1.074,100.0,20.00008731,10.43136324,0.0,158161,7.908e-15,42.8396704197,100.0,20.00003961,5.04047606,0.0,2.1739468047e-14
162,550,512,1e-19,1.074,100.0,20.00034022,10.43141404,0.0,79081,7.908e-15,21.479383706999997,100.0,20.00029254,5.04047657,0.0,2.1739605509999998e-14
163,550,512,5e-19,1.074,100.0,20.00236348,10.43182046,0.0,15817,7.908e-15,4.2737941742,100.0,20.002316,5.04048065,0.0,2.1740705216000002e-14
164,550,512,1e-18,1.074,100.0,20.00489255,10.43232848,0.0,7909,7.909e-15,2.1470375061,100.0,20.00484532,5.04048575,0.0,2.1742079847e-14
165,550,512,5e-18,1.074,100.0,20.009950699999997,10.43334454,0.0,1582,7.91e-15,0.432312727,100.0,20.00990396,5.04049594,0.0,2.1744829109e-14
166,550,512,1e-17,1.074,100.0,20.009950699999997,10.43334454,0.0,791,7.91e-15,0.2184801102,100.0,20.00990396,5.04049594,0.0,2.1744829109e-14
167,550,512,5e-17,1.074,100.0,20.21227662,10.47401119,0.0,159,7.95e-15,0.047074556399999995,100.0,20.21223238,5.04090489,0.0,2.1854791769999997e-14
168,550,512,1e-16,1.074,100.0,20.46518402,10.52491005,0.0,80,7.999999999999999e-15,0.0249798298,100.0,20.46513673,5.04141891,0.0,2.1992242304e-14
169,550,512,5e-16,1.074,100.0,20.46518402,10.52491005,0.0,16,7.999999999999999e-15,0.0047671795000000005,100.0,20.46513673,5.04141891,0.0,2.1992242304e-14
170,550,1024,1.0000000000000001e-20,0.5371,99.99999997,20.00028348,5.06012068,-0.03291627,63845,6.384e-16,21.5791099072,100.0,20.000235800000002,5.04047645,0.0,2.1739574671e-14
171,550,1024,5e-20,0.5371,99.99999997,20.00153656,5.06012442,-0.03291953,12771,6.385e-16,4.3188254832999995,100.0,20.001489000000003,5.04047898,0.0,2.1740255762e-14
172,550,1024,1e-19,0.5371,99.99999997,20.00466927,5.06013378,-0.03292768,6387,6.387e-16,2.1943457127,100.0,20.00462202,5.040485299999999,0.0,2.1741958487e-14
173,550,1024,5e-19,0.5371,99.99999997,20.00466927,5.06013378,-0.03292768,1279,6.394999999999999e-16,0.4422755241,100.0,20.00462202,5.040485299999999,0.0,2.1741958487e-14
174,550,1024,1e-18,0.5371,99.99999997,20.03599635,5.06022738,-0.03300922,641,6.410000000000001e-16,0.2239580154,100.0,20.03595205,5.04054848,0.0,2.1758985697e-14
175,550,1024,5e-18,0.5371,99.99999997,20.0986505,5.06041481,-0.03317268,130,6.5e-16,0.0475683212,100.0,20.09860399,5.04067497,0.0,2.1793036413e-14
176,550,1024,1e-17,0.5371,99.99999997,20.0986505,5.06041481,-0.03317268,66,6.6e-16,0.025108337400000003,100.0,20.09860399,5.04067497,0.0,2.1793036413e-14
177,550,1024,5e-17,0.5371,99.99999997,20.72519203,5.06230477,-0.03483504,15,7.5e-16,0.0053946972,100.0,20.72514916,5.04195068,0.0,2.2133555243999998e-14
178,550,1024,1e-16,0.5371,99.99999997,23.85789979,5.072181700000001,-0.04392046,9,9e-16,0.0033762454999999997,100.0,23.85785355,5.04862056,0.0,2.3836139429e-14
179,550,1024,5e-16,0.5371,99.99999993,42.65414917,5.14614819,-0.12853705,4,1.9999999999999998e-15,0.0016963482000000002,100.0,42.65410462,5.09873347,-1.34e-06,3.4051647101999997e-14
180,550,2048,1.0000000000000001e-20,0.2686,100.0,20.00025364,5.04047649,0.0,55067,5.507000000000001e-16,26.6136140823,100.0,20.00020596,5.04047639,0.0,2.1739558455e-14
181,550,2048,5e-20,0.2686,100.0,20.00243282,5.04048088,0.0,11014,5.507000000000001e-16,5.3243243694,100.0,20.00238535,5.04048079,0.0,2.1740742907e-14
182,550,2048,1e-19,0.2686,100.0,20.00243282,5.04048088,0.0,5507,5.507000000000001e-16,2.7229337692,100.0,20.00238535,5.04048079,0.0,2.1740742907e-14
183,550,2048,5e-19,0.2686,100.0,20.02422459,5.04052482,0.0,1102,5.51e-16,0.5419077873,100.0,20.02417921,5.04052473,0.0,2.1752587405e-14
184,550,2048,1e-18,0.2686,100.0,20.02422459,5.04052482,0.0,551,5.51e-16,0.2747886181,100.0,20.02417921,5.04052473,0.0,2.1752587405e-14
185,550,2048,5e-18,0.2686,100.0,20.31478158,5.04111293,0.0,111,5.549999999999999e-16,0.059956073799999995,100.0,20.31473825,5.04111284,0.0,2.1910502297e-14
186,550,2048,1e-17,0.2686,100.0,20.67797781,5.04185395,0.0,56,5.599999999999999e-16,0.0314218998,100.0,20.67793087,5.04185386,0.0,2.2107893135e-14
187,550,2048,5e-17,0.2686,100.0,23.58354765,5.04801716,0.0,12,6e-16,0.006574869200000001,100.0,23.58350164,5.04801706,0.0,2.368703275e-14
188,550,2048,1e-16,0.2686,100.0,23.58354765,5.04801716,0.0,6,6e-16,0.0035917759,100.0,23.58350164,5.04801706,0.0,2.368703275e-14
189,550,2048,5e-16,0.2686,100.0,52.63924609,5.13227187,0.0,2,9.999999999999999e-16,0.0016138554000000001,99.99998933,52.63922166,5.14204862,-0.09692744,3.9478944226e-14
190,550,4096,1.0000000000000001e-20,0.1343,100.0,20.00025364,5.04047649,0.0,55067,5.507000000000001e-16,42.9697995186,100.0,20.00020596,5.04047639,0.0,2.1739558453999998e-14
191,550,4096,5e-20,0.1343,100.0,20.00243282,5.04048088,0.0,11014,5.507000000000001e-16,8.4857981205,100.0,20.00238535,5.04048079,0.0,2.1740742907e-14
192,550,4096,1e-19,0.1343,100.0,20.00243282,5.04048088,0.0,5507,5.507000000000001e-16,4.2969136238,100.0,20.00238535,5.04048079,0.0,2.1740742907e-14
193,550,4096,5e-19,0.1343,100.0,20.02422459,5.04052482,0.0,1102,5.51e-16,0.8530092239,100.0,20.02417921,5.04052473,0.0,2.1752587405e-14
194,550,4096,1e-18,0.1343,100.0,20.02422459,5.04052482,0.0,551,5.51e-16,0.43988990780000004,100.0,20.02417921,5.04052473,0.0,2.1752587405e-14
195,550,4096,5e-18,0.1343,100.0,20.31478158,5.04111293,0.0,111,5.549999999999999e-16,0.0934455395,100.0,20.31473825,5.04111284,0.0,2.1910502297e-14
196,550,4096,1e-17,0.1343,100.0,20.67797781,5.04185395,0.0,56,5.599999999999999e-16,0.0506727695,100.0,20.67793087,5.04185386,0.0,2.2107893135e-14
197,550,4096,5e-17,0.1343,100.0,23.58354765,5.04801716,0.0,12,6e-16,0.0105378628,100.0,23.58350164,5.04801706,0.0,2.368703275e-14
198,550,4096,1e-16,0.1343,100.0,23.58354765,5.04801716,0.0,6,6e-16,0.005745649300000001,100.0,23.58350164,5.04801706,0.0,2.368703275e-14
199,550,4096,5e-16,0.1343,100.0,52.63924609,5.13227187,0.0,2,9.999999999999999e-16,0.0026059151,99.99998933,52.63922166,5.14204862,-0.09692744,3.9478944226e-14
200,700,256,1.0000000000000001e-20,2.734,100.0,20.000014800000002,8.40512562,-4.055e-05,583600,5.836e-15,131.3272337914,100.0,19.9999671,5.04047591,0.0,2.1739428638e-14
201,700,256,5e-20,2.734,100.0,20.00015188,8.40514423,-4.055e-05,116722,5.836e-15,26.4535934925,100.0,20.00010419,5.04047619,0.0,2.1739503146000002e-14
202,700,256,1e-19,2.734,100.0,20.00015188,8.40514423,-4.055e-05,58362,5.836e-15,13.091504097,100.0,20.00010419,5.04047619,0.0,2.1739503146000002e-14
203,700,256,5e-19,2.734,100.0,20.00015188,8.40514423,-4.055e-05,11674,5.837e-15,2.6159110069,100.0,20.00010419,5.04047619,0.0,2.1739503146000002e-14
204,700,256,1e-18,2.734,100.0,20.00015188,8.40514423,-4.055e-05,5838,5.8380000000000006e-15,1.3138465881,100.0,20.00010419,5.04047619,0.0,2.1739503146000002e-14
205,700,256,5e-18,2.734,100.0,20.02756803,8.40886694,-4.059e-05,1170,5.85e-15,0.2652342319,100.0,20.02752295,5.04053147,0.0,2.175440466e-14
206,700,256,1e-17,2.734,100.0,20.02756803,8.40886694,-4.059e-05,586,5.86e-15,0.13462257390000001,100.0,20.02752295,5.04053147,0.0,2.175440466e-14
207,700,256,5e-17,2.734,100.0,20.09610838,8.41817766,-4.068e-05,119,5.95e-15,0.0291516781,100.0,20.09606163,5.04066984,0.0,2.1791654696000002e-14
208,700,256,1e-16,2.734,100.0,20.43881016,8.46481511,-4.112e-05,61,6.1e-15,0.0146021843,100.0,20.43876037,5.04136515,0.0,2.1977907332999998e-14
209,700,256,5e-16,2.734,100.0,21.12421373,8.55850208,-4.201e-05,14,6.999999999999999e-15,0.0033080578000000004,100.0,21.12416444,5.04277324,0.0,2.2350415558e-14
210,700,512,1.0000000000000001e-20,1.367,100.0,20.00014422,5.53320786,-2.99e-06,204711,2.047e-15,54.932624578500004,100.0,20.00009652,5.04047617,0.0,2.1739498979e-14
211,700,512,5e-20,1.367,100.0,20.00092581,5.53322769,-2.99e-06,40943,2.047e-15,10.896448373800002,100.0,20.00087819,5.04047775,0.0,2.17399238e-14
212,700,512,1e-19,1.367,100.0,20.001902800000003,5.53325248,-2.99e-06,20472,2.047e-15,5.4699072838,100.0,20.00185528,5.04047972,0.0,2.1740454825e-14
213,700,512,5e-19,1.367,100.0,20.00776474,5.53340125,-2.99e-06,4095,2.048e-15,1.0965156555,100.0,20.00771779,5.04049154,0.0,2.1743640976e-14
214,700,512,1e-18,1.367,100.0,20.01753465,5.53364923,-2.99e-06,2048,2.048e-15,0.5539443493,100.0,20.01748863,5.04051124,0.0,2.174895122e-14
215,700,512,5e-18,1.367,100.0,20.05661427,5.53464165,-3e-06,410,2.05e-15,0.11289334300000001,100.0,20.05657183,5.04059009,0.0,2.1770192119e-14
216,700,512,1e-17,1.367,100.0,20.05661427,5.53464165,-3e-06,205,2.05e-15,0.05753088,100.0,20.05657183,5.04059009,0.0,2.1770192119e-14
217,700,512,5e-17,1.367,100.0,20.05661427,5.53464165,-3e-06,41,2.05e-15,0.0114068985,100.0,20.05657183,5.04059009,0.0,2.1770192119e-14
218,700,512,1e-16,1.367,100.0,21.03360487,5.5597080000000005,-3.21e-06,21,2.1e-15,0.0059492588,100.0,21.03355863,5.04258577,0.0,2.2301172138000002e-14
219,700,512,5e-16,1.367,100.0,28.849529600000004,5.7772269,-5.08e-06,5,2.5e-15,0.0017006397,100.0,28.84949909,5.06024808,0.0,2.6549028686000003e-14
220,700,1024,1.0000000000000001e-20,0.6836,100.0,20.00002233,5.18577248,0.0,118825,1.1880000000000002e-15,41.2802088261,100.0,19.99997463,5.04047593,0.0,2.1739432730999998e-14
221,700,1024,5e-20,0.6836,100.0,20.0006956,5.18577862,0.0,23767,1.1880000000000002e-15,8.3025269508,100.0,20.00064796,5.04047728,0.0,2.1739798675e-14
222,700,1024,1e-19,0.6836,100.0,20.00237878,5.18579398,0.0,11885,1.1880000000000002e-15,4.1086175442,100.0,20.00233131,5.04048068,0.0,2.1740713535e-14
223,700,1024,5e-19,0.6836,100.0,20.00911149,5.1858554,0.0,2379,1.19e-15,0.8290345669,100.0,20.00906467,5.04049425,0.0,2.1744372972e-14
224,700,1024,1e-18,0.6836,100.0,20.02594326,5.18600901,0.0,1191,1.191e-15,0.4155118465,100.0,20.02589803,5.0405282,0.0,2.1753521549000003e-14
225,700,1024,5e-18,0.6836,100.0,20.05960679,5.186316400000001,0.0,240,1.2e-15,0.0871050358,100.0,20.05956461,5.04059613,0.0,2.1771818633e-14
226,700,1024,1e-17,0.6836,100.0,20.05960679,5.186316400000001,0.0,121,1.21e-15,0.0452144146,100.0,20.05956461,5.04059613,0.0,2.1771818633e-14
227,700,1024,5e-17,0.6836,100.0,20.39624214,5.18940353,0.0,26,1.3e-15,0.0094373226,100.0,20.39619757,5.04127847,0.0,2.1954774499e-14
228,700,1024,1e-16,0.6836,100.0,20.39624214,5.18940353,0.0,14,1.4e-15,0.0051982403,100.0,20.39619757,5.04127847,0.0,2.1954774499e-14
229,700,1024,5e-16,0.6836,100.0,30.49530268,5.2929654,0.0,5,2.5e-15,0.0020651817,100.0,30.49527301,5.06434983,0.0,2.7443484181999997e-14
230,700,2048,1.0000000000000001e-20,0.3418,100.0,20.00025364,5.04047649,0.0,55067,5.507000000000001e-16,27.0437705517,100.0,20.00020596,5.04047639,0.0,2.1739558453999998e-14
231,700,2048,5e-20,0.3418,100.0,20.00243282,5.04048088,0.0,11014,5.507000000000001e-16,5.3049018383,100.0,20.00238535,5.04048079,0.0,2.1740742907e-14
232,700,2048,1e-19,0.3418,100.0,20.00243282,5.04048088,0.0,5507,5.507000000000001e-16,2.6771931648,100.0,20.00238535,5.04048079,0.0,2.1740742907e-14
233,700,2048,5e-19,0.3418,100.0,20.02422459,5.04052482,0.0,1102,5.51e-16,0.5477452278,100.0,20.02417921,5.04052473,0.0,2.1752587405e-14
234,700,2048,1e-18,0.3418,100.0,20.02422459,5.04052482,0.0,551,5.51e-16,0.2770657539,100.0,20.02417921,5.04052473,0.0,2.1752587405e-14
235,700,2048,5e-18,0.3418,100.0,20.31478158,5.04111293,0.0,111,5.549999999999999e-16,0.0579924583,100.0,20.31473825,5.04111284,0.0,2.1910502297e-14
236,700,2048,1e-17,0.3418,100.0,20.67797781,5.04185395,0.0,56,5.599999999999999e-16,0.0315957069,100.0,20.67793087,5.04185386,0.0,2.2107893135e-14
237,700,2048,5e-17,0.3418,100.0,23.58354765,5.04801716,0.0,12,6e-16,0.0066740513,100.0,23.58350164,5.04801706,0.0,2.368703275e-14
238,700,2048,1e-16,0.3418,100.0,23.58354765,5.04801716,0.0,6,6e-16,0.0036072731,100.0,23.58350164,5.04801706,0.0,2.368703275e-14
239,700,2048,5e-16,0.3418,100.0,52.63924609,5.13227187,0.0,2,9.999999999999999e-16,0.0016608238000000001,99.99998933,52.63922166,5.14204862,-0.09692744,3.9478944226e-14
240,700,4096,1.0000000000000001e-20,0.1709,100.0,20.00025364,5.04047649,0.0,55067,5.507000000000001e-16,42.772740364099995,100.0,20.00020596,5.04047639,0.0,2.1739558453999998e-14
241,700,4096,5e-20,0.1709,100.0,20.00243282,5.04048088,0.0,11014,5.507000000000001e-16,8.4508771896,100.0,20.00238535,5.04048079,0.0,2.1740742907e-14
242,700,4096,1e-19,0.1709,100.0,20.00243282,5.04048088,0.0,5507,5.507000000000001e-16,4.2190828323,100.0,20.00238535,5.04048079,0.0,2.1740742907e-14
243,700,4096,5e-19,0.1709,100.0,20.02422459,5.04052482,0.0,1102,5.51e-16,0.8637850284999999,100.0,20.02417921,5.04052473,0.0,2.1752587405e-14
244,700,4096,1e-18,0.1709,100.0,20.02422459,5.04052482,0.0,551,5.51e-16,0.4238512516,100.0,20.02417921,5.04052473,0.0,2.1752587405e-14
245,700,4096,5e-18,0.1709,100.0,20.31478158,5.04111293,0.0,111,5.549999999999999e-16,0.09191036220000001,100.0,20.31473825,5.04111284,0.0,2.1910502297e-14
246,700,4096,1e-17,0.1709,100.0,20.67797781,5.04185395,0.0,56,5.599999999999999e-16,0.048507452,100.0,20.67793087,5.04185386,0.0,2.2107893135e-14
247,700,4096,5e-17,0.1709,100.0,23.58354765,5.04801716,0.0,12,6e-16,0.0103697777,100.0,23.58350164,5.04801706,0.0,2.368703275e-14
248,700,4096,1e-16,0.1709,100.0,23.58354765,5.04801716,0.0,6,6e-16,0.005642175699999999,100.0,23.58350164,5.04801706,0.0,2.368703275e-14
249,700,4096,5e-16,0.1709,100.0,52.63924609,5.13227187,0.0,2,9.999999999999999e-16,0.0025672913,99.99998933,52.63922166,5.14204862,-0.09692744,3.9478944226e-14
250,850,256,1.0000000000000001e-20,3.32,99.99999672,20.000051199999998,8.54084905,-0.94796309,558607,5.586e-15,126.06131243709999,100.0,20.00000349,5.04047599,0.0,2.1739448418e-14
251,850,256,5e-20,3.32,99.99999672,20.00026602,8.54087919,-0.94796893,111722,5.586e-15,25.0687167645,100.0,20.00021834,5.04047642,0.0,2.1739565181e-14
252,850,256,1e-19,3.32,99.99999672,20.00026602,8.54087919,-0.94796893,55861,5.586e-15,12.569694995899999,100.0,20.00021834,5.04047642,0.0,2.1739565181e-14
253,850,256,5e-19,3.32,99.99999671,20.003130300000002,8.54128109,-0.94804669,11173,5.5869999999999995e-15,2.5159270763,100.0,20.0030829,5.04048219,0.0,2.1741122011999998e-14
254,850,256,1e-18,3.32,99.99999671,20.00671066,8.54178348,-0.94814389,5587,5.5869999999999995e-15,1.2529351711,100.0,20.00666361,5.04048941,0.0,2.1743068048999998e-14
255,850,256,5e-18,3.32,99.99999671,20.02819282,8.54479813,-0.94872685,1118,5.59e-15,0.25423431399999996,100.0,20.0281478,5.04053273,0.0,2.1754744254e-14
256,850,256,1e-17,3.32,99.99999671,20.02819282,8.54479813,-0.94872685,559,5.59e-15,0.12871575359999998,100.0,20.0281478,5.04053273,0.0,2.1754744254e-14
257,850,256,5e-17,3.32,99.99999670000001,20.09980001,8.55485097,-0.95066729,112,5.6e-15,0.0277872086,100.0,20.099753600000003,5.0406773000000005,0.0,2.1793661205e-14
258,850,256,1e-16,3.32,99.99999670000001,20.09980001,8.55485097,-0.95066729,56,5.6e-15,0.013086318999999999,100.0,20.099753600000003,5.0406773000000005,0.0,2.1793661205e-14
259,850,256,5e-16,3.32,99.99999619,22.9640889,8.96176372,-1.02484039,12,6e-15,0.0030474663,100.0,22.96404954,5.04666809,0.0,2.3350367717e-14
260,850,512,1.0000000000000001e-20,1.66,100.0,20.00011806,5.89620021,-2.39e-06,269933,2.699e-15,72.22097182270001,100.0,20.00007036,5.04047612,0.0,2.173948476e-14
261,850,512,5e-20,1.66,100.0,20.0007108,5.89622475,-2.39e-06,53989,2.699e-15,14.366121053699999,100.0,20.00066317,5.04047732,0.0,2.1739806936e-14
262,850,512,1e-19,1.66,100.0,20.00145174,5.89625543,-2.39e-06,26996,2.7e-15,7.1784398556,100.0,20.00140417,5.04047881,0.0,2.1740209656e-14
263,850,512,5e-19,1.66,100.0,20.002933600000002,5.89631679,-2.39e-06,5401,2.7010000000000003e-15,1.4507448672999999,100.0,20.00288618,5.0404818,0.0,2.1741015096999998e-14
264,850,512,1e-18,1.66,100.0,20.01034292,5.8966236,-2.39e-06,2702,2.702e-15,0.7200577259000001,100.0,20.01029622,5.04049673,0.0,2.1745042295e-14
265,850,512,5e-18,1.66,100.0,20.01034292,5.8966236,-2.39e-06,542,2.7100000000000003e-15,0.147919178,100.0,20.01029622,5.04049673,0.0,2.1745042295e-14
266,850,512,1e-17,1.66,100.0,20.01034292,5.8966236,-2.39e-06,272,2.72e-15,0.0752205849,100.0,20.01029622,5.04049673,0.0,2.1745042295e-14
267,850,512,5e-17,1.66,100.0,20.01034292,5.8966236,-2.39e-06,56,2.8e-15,0.0167908669,100.0,20.01029622,5.04049673,0.0,2.1745042295e-14
268,850,512,1e-16,1.66,100.0,20.01034292,5.8966236,-2.39e-06,29,2.9e-15,0.0079724789,100.0,20.01029622,5.04049673,0.0,2.1745042295e-14
269,850,512,5e-16,1.66,100.0,24.45593658,6.08785169,-3.08e-06,8,3.9999999999999995e-15,0.0023634434,100.0,24.45588918,5.04994896,0.0,2.4161164088000003e-14
270,850,1024,1.0000000000000001e-20,0.8301,100.0,20.00009679,5.88670925,0.0,268383,2.684e-15,92.7452497482,100.0,20.000049100000002,5.04047608,0.0,2.1739473202e-14
271,850,1024,5e-20,0.8301,100.0,20.00069296,5.88673369,0.0,53679,2.684e-15,19.2592644691,100.0,20.00064532,5.04047728,0.0,2.1739797239e-14
272,850,1024,1e-19,0.8301,100.0,20.00143817,5.88676424,0.0,26841,2.684e-15,9.294333934800001,100.0,20.00139061,5.04047878,0.0,2.1740202285e-14
273,850,1024,5e-19,0.8301,100.0,20.0029286,5.88682535,0.0,5370,2.685e-15,1.8665642738,100.0,20.00288117,5.04048179,0.0,2.1741012377e-14
274,850,1024,1e-18,0.8301,100.0,20.0029286,5.88682535,0.0,2686,2.686e-15,0.9292223454,100.0,20.00288117,5.04048179,0.0,2.1741012377e-14
275,850,1024,5e-18,0.8301,100.0,20.01783282,5.88743648,0.0,539,2.695e-15,0.1901984215,100.0,20.01778683,5.04051184,0.0,2.1749113282e-14
276,850,1024,1e-17,0.8301,100.0,20.09235392,5.89049459,0.0,271,2.7100000000000003e-15,0.0973219872,100.0,20.09230681,5.04066225,0.0,2.178961403e-14
277,850,1024,5e-17,0.8301,100.0,20.24139613,5.89662311,0.0,56,2.8e-15,0.0222871304,100.0,20.24135445,5.04096391,0.0,2.1870618999999998e-14
278,850,1024,1e-16,0.8301,100.0,20.24139613,5.89662311,0.0,29,2.9e-15,0.0104758739,100.0,20.24135445,5.04096391,0.0,2.1870618999999998e-14
279,850,1024,5e-16,0.8301,100.0,24.71266236,6.0878511,0.0,8,3.9999999999999995e-15,0.0031161308,100.0,24.71262687,5.05052465,0.0,2.4300695556e-14
280,850,2048,1.0000000000000001e-20,0.415,100.0,20.00025364,5.04047649,0.0,55067,5.507000000000001e-16,26.695110559499998,100.0,20.00020596,5.04047639,0.0,2.1739558453999998e-14
281,850,2048,5e-20,0.415,100.0,20.00243282,5.04048088,0.0,11014,5.507000000000001e-16,5.3656482697,100.0,20.00238535,5.04048079,0.0,2.1740742907e-14
282,850,2048,1e-19,0.415,100.0,20.00243282,5.04048088,0.0,5507,5.507000000000001e-16,2.6968665123,100.0,20.00238535,5.04048079,0.0,2.1740742907e-14
283,850,2048,5e-19,0.415,100.0,20.02422459,5.04052482,0.0,1102,5.51e-16,0.5412232875999999,100.0,20.02417921,5.04052473,0.0,2.1752587405e-14
284,850,2048,1e-18,0.415,100.0,20.02422459,5.04052482,0.0,551,5.51e-16,0.2766189575,100.0,20.02417921,5.04052473,0.0,2.1752587405e-14
285,850,2048,5e-18,0.415,100.0,20.31478158,5.04111293,0.0,111,5.549999999999999e-16,0.0577042103,100.0,20.31473825,5.04111284,0.0,2.1910502297e-14
286,850,2048,1e-17,0.415,100.0,20.67797781,5.04185395,0.0,56,5.599999999999999e-16,0.0311143398,100.0,20.67793087,5.04185386,0.0,2.2107893135e-14
287,850,2048,5e-17,0.415,100.0,23.58354765,5.04801716,0.0,12,6e-16,0.0065152644999999995,100.0,23.58350164,5.04801706,0.0,2.368703275e-14
288,850,2048,1e-16,0.415,100.0,23.58354765,5.04801716,0.0,6,6e-16,0.0036139488,100.0,23.58350164,5.04801706,0.0,2.368703275e-14
289,850,2048,5e-16,0.415,100.0,52.63924609,5.13227187,0.0,2,9.999999999999999e-16,0.0016343594,99.99998933,52.63922166,5.14204862,-0.09692744,3.9478944226e-14
290,850,4096,1.0000000000000001e-20,0.2075,100.0,20.00025364,5.04047649,0.0,55067,5.507000000000001e-16,42.4955272675,100.0,20.00020596,5.04047639,0.0,2.1739558455e-14
291,850,4096,5e-20,0.2075,100.0,20.00243282,5.04048088,0.0,11014,5.507000000000001e-16,8.358080864,100.0,20.00238535,5.04048079,0.0,2.1740742907e-14
292,850,4096,1e-19,0.2075,100.0,20.00243282,5.04048088,0.0,5507,5.507000000000001e-16,4.2703616619,100.0,20.00238535,5.04048079,0.0,2.1740742907e-14
293,850,4096,5e-19,0.2075,100.0,20.02422459,5.04052482,0.0,1102,5.51e-16,0.8651969433,100.0,20.02417921,5.04052473,0.0,2.1752587405e-14
294,850,4096,1e-18,0.2075,100.0,20.02422459,5.04052482,0.0,551,5.51e-16,0.4320027828,100.0,20.02417921,5.04052473,0.0,2.1752587405e-14
295,850,4096,5e-18,0.2075,100.0,20.31478158,5.04111293,0.0,111,5.549999999999999e-16,0.0915203094,100.0,20.31473825,5.04111284,0.0,2.1910502297e-14
296,850,4096,1e-17,0.2075,100.0,20.67797781,5.04185395,0.0,56,5.599999999999999e-16,0.0485816002,100.0,20.67793087,5.04185386,0.0,2.2107893135e-14
297,850,4096,5e-17,0.2075,100.0,23.58354765,5.04801716,0.0,12,6e-16,0.0103037357,100.0,23.58350164,5.04801706,0.0,2.368703275e-14
298,850,4096,1e-16,0.2075,100.0,23.58354765,5.04801716,0.0,6,6e-16,0.0055823326,100.0,23.58350164,5.04801706,0.0,2.368703275e-14
299,850,4096,5e-16,0.2075,100.0,52.63924609,5.13227187,0.0,2,9.999999999999999e-16,0.0025856495,99.99998933,52.63922166,5.14204862,-0.09692744,3.9478944226e-14
300,1000,256,1.0000000000000001e-20,3.906,100.00000001,20.00001091,30.20604987,-1e-08,2573204,2.573e-14,577.3352310658,100.0,19.9999632,5.040475900000001,0.0,2.1739426519e-14
301,1000,256,5e-20,3.906,100.0,20.00005754,30.20608412,-1e-08,514643,2.573e-14,115.4302873611,100.0,20.00000984,5.040476,0.0,2.1739451867e-14
302,1000,256,1e-19,3.906,100.0,20.00013527,30.20614121,-1e-08,257323,2.573e-14,57.761945247700005,100.0,20.00008757,5.04047615,0.0,2.1739494113000002e-14
303,1000,256,5e-19,3.906,100.0,20.00075706,30.20659789,-1e-08,51467,2.573e-14,11.5182440281,100.0,20.00070943,5.04047741,0.0,2.1739832078e-14
304,1000,256,1e-18,3.906,100.0,20.0015343,30.20716874,-1e-08,25735,2.5739999999999996e-14,5.7996411324,100.0,20.00148674,5.04047898,0.0,2.1740254533e-14
305,1000,256,5e-18,3.906,100.0,20.00464327,30.20945216,-1e-08,5149,2.575e-14,1.1716942787,100.0,20.00459601,5.04048524,0.0,2.1741944355000002e-14
306,1000,256,1e-17,3.906,100.0,20.01241569,30.21516072,-1e-08,2576,2.5760000000000002e-14,0.5826458931,100.0,20.01236918,5.04050091,0.0,2.1746168907000002e-14
307,1000,256,5e-17,3.906,100.0,20.02796053,30.22657794,-1e-08,517,2.585e-14,0.1213536263,100.0,20.02791549,5.04053227,0.0,2.1754617996e-14
308,1000,256,1e-16,3.906,100.0,20.10568472,30.28366584,-1e-08,260,2.6e-14,0.0634558201,100.0,20.10563888,5.04068919,0.0,2.1796859725e-14
309,1000,256,5e-16,3.906,100.0,20.4165815,30.51204745,-1e-08,54,2.7000000000000005e-14,0.0124640465,100.0,20.41653871,5.04131989,0.0,2.1965829473e-14
310,1000,512,1.0000000000000001e-20,1.953,100.00000001,20.0000163,27.69514837,0.0,2352997,2.3530000000000002e-14,634.7214200497,100.0,19.99996859,5.04047592,0.0,2.1739429452e-14
311,1000,512,5e-20,1.953,100.0,20.0000163,27.69514837,0.0,470601,2.3530000000000002e-14,127.4793262482,100.0,19.99996859,5.04047592,0.0,2.1739429452e-14
312,1000,512,1e-19,1.953,100.0,20.0001013,27.6952053,0.0,235302,2.3530000000000002e-14,64.4399933815,100.0,20.0000536,5.04047609,0.0,2.1739475651e-14
313,1000,512,5e-19,1.953,100.0,20.0001013,27.6952053,0.0,47062,2.3530000000000002e-14,12.7333011627,100.0,20.0000536,5.04047609,0.0,2.1739475651e-14
314,1000,512,1e-18,1.953,100.0,20.0001013,27.6952053,0.0,23532,2.3530000000000002e-14,6.3019063473,100.0,20.0000536,5.04047609,0.0,2.1739475651e-14
315,1000,512,5e-18,1.953,100.0,20.0001013,27.6952053,0.0,4708,2.354e-14,1.2781660556999999,100.0,20.0000536,5.04047609,0.0,2.1739475651e-14
316,1000,512,1e-17,1.953,100.0,20.0001013,27.6952053,0.0,2355,2.355e-14,0.6371698379999999,100.0,20.0000536,5.04047609,0.0,2.1739475651e-14
317,1000,512,5e-17,1.953,100.0,20.03410053,27.71797869,0.0,473,2.365e-14,0.1319327354,100.0,20.03405606,5.04054465,0.0,2.1757955269999998e-14
318,1000,512,1e-16,1.953,100.0,20.11909862,27.77491492,0.0,238,2.38e-14,0.0672740936,100.0,20.11905402,5.0407163,0.0,2.1804150573e-14
319,1000,512,5e-16,1.953,100.0,20.79908335,28.23054345,0.0,50,2.5e-14,0.0138418674,100.0,20.799037300000002,5.0421024,0.0,2.2173712818999998e-14
320,1000,1024,1.0000000000000001e-20,0.9766,100.00000001,20.0000176,26.59654381,0.0,2256447,2.256e-14,780.8240017891001,100.0,19.99996989,5.04047592,0.0,2.1739430157000002e-14
321,1000,1024,5e-20,0.9766,100.0,20.0000176,26.59654381,0.0,451291,2.256e-14,155.6725342274,100.0,19.99996989,5.04047592,0.0,2.1739430157000002e-14
322,1000,1024,1e-19,0.9766,100.0,20.00010623,26.59660066,0.0,225647,2.256e-14,77.2006006241,100.0,20.00005854,5.0404761,0.0,2.1739478333e-14
323,1000,1024,5e-19,0.9766,100.0,20.00010623,26.59660066,0.0,45131,2.257e-14,15.50918293,100.0,20.00005854,5.0404761,0.0,2.1739478333e-14
324,1000,1024,1e-18,0.9766,100.0,20.00099258,26.59716918,0.0,22567,2.257e-14,7.8915331364,100.0,20.00094497,5.04047788,0.0,2.1739960093e-14
325,1000,1024,5e-18,0.9766,100.0,20.00099258,26.59716918,0.0,4515,2.258e-14,1.5613913536000001,100.0,20.00094497,5.04047788,0.0,2.1739960093e-14
326,1000,1024,1e-17,0.9766,100.0,20.00985609,26.60285438,0.0,2259,2.259e-14,0.7901537418000001,100.0,20.00980934,5.04049575,0.0,2.1744777686e-14
327,1000,1024,5e-17,0.9766,100.0,20.06303711,26.63696653,0.0,454,2.27e-14,0.1621620655,100.0,20.06299523,5.04060305,0.0,2.1773683104e-14
328,1000,1024,1e-16,0.9766,100.0,20.06303711,26.63696653,0.0,228,2.28e-14,0.0828278065,100.0,20.06299523,5.04060305,0.0,2.1773683104e-14
329,1000,1024,5e-16,0.9766,100.0,20.77211741,27.09194529,0.0,48,2.4e-14,0.017173528700000003,100.0,20.77206898,5.04204699,0.0,2.2159056131e-14
330,1000,2048,1.0000000000000001e-20,0.4883,99.99999209,20.00004181,22.40160594,-3.35028261,62638,6.264e-16,29.781344175300003,100.0,19.999994100000002,5.04047597,0.0,2.1739443315e-14
331,1000,2048,5e-20,0.4883,99.99999209,20.001319100000003,22.40228535,-3.35030331,12528,6.264e-16,5.9394028187,100.0,20.00127152,5.04047854,0.0,2.1740137566e-14
332,1000,2048,1e-19,0.4883,99.99999209,20.001319100000003,22.40228535,-3.35030331,6264,6.264e-16,3.1177175045,100.0,20.00127152,5.04047854,0.0,2.1740137566e-14
333,1000,2048,5e-19,0.4883,99.99999209,20.00770558,22.40568244,-3.35040679,1253,6.264999999999999e-16,0.6017699242,100.0,20.00765862,5.04049142,0.0,2.1743608818000002e-14
334,1000,2048,1e-18,0.4883,99.99999207,20.03963798,22.4226683,-3.35092352,627,6.269999999999999e-16,0.3084352016,100.0,20.03959402,5.04055583,0.0,2.1760965029999998e-14
335,1000,2048,5e-18,0.4883,99.999992,20.23123247,22.5245973,-3.3540012999999997,126,6.3e-16,0.06857681269999999,100.0,20.23118991,5.04094331,0.0,2.1865094790000004e-14
336,1000,2048,1e-17,0.4883,99.999992,20.23123247,22.5245973,-3.3540012999999997,63,6.3e-16,0.0340316296,100.0,20.23118991,5.04094331,0.0,2.1865094790000004e-14
337,1000,2048,5e-17,0.4883,99.99999147,21.50853365,23.20471059,-3.37357119,13,6.5e-16,0.006775379200000001,100.0,21.50849315,5.04357299,0.0,2.2559292187e-14
338,1000,2048,1e-16,0.4883,99.99999008,24.701821600000002,24.90900346,-3.41614727,7,7e-16,0.0040464401,100.0,24.70178567,5.05050027,0.0,2.4294803583999998e-14
339,1000,2048,5e-16,0.4883,99.99997937,43.862662,35.21081894,-3.56083631,2,9.999999999999999e-16,0.0016181469,100.0,43.86263154,5.10254097,-6.42e-06,3.4708460206e-14
340,1000,4096,1.0000000000000001e-20,0.2441,100.0,20.00025364,5.04047649,0.0,55067,5.507000000000001e-16,41.5574574471,100.0,20.00020596,5.04047639,0.0,2.1739558455e-14
341,1000,4096,5e-20,0.2441,100.0,20.00243282,5.04048088,0.0,11014,5.507000000000001e-16,8.4290623665,100.0,20.00238535,5.04048079,0.0,2.1740742907e-14
342,1000,4096,1e-19,0.2441,100.0,20.00243282,5.04048088,0.0,5507,5.507000000000001e-16,4.2519352436,100.0,20.00238535,5.04048079,0.0,2.1740742907e-14
343,1000,4096,5e-19,0.2441,100.0,20.02422459,5.04052482,0.0,1102,5.51e-16,0.8659861087999999,100.0,20.02417921,5.04052473,0.0,2.1752587405e-14
344,1000,4096,1e-18,0.2441,100.0,20.02422459,5.04052482,0.0,551,5.51e-16,0.429867506,100.0,20.02417921,5.04052473,0.0,2.1752587405e-14
345,1000,4096,5e-18,0.2441,100.0,20.31478158,5.04111293,0.0,111,5.549999999999999e-16,0.0892951488,100.0,20.31473825,5.04111284,0.0,2.1910502297e-14
346,1000,4096,1e-17,0.2441,100.0,20.67797781,5.04185395,0.0,56,5.599999999999999e-16,0.0469517708,100.0,20.67793087,5.04185386,0.0,2.2107893135e-14
347,1000,4096,5e-17,0.2441,100.0,23.58354765,5.04801716,0.0,12,6e-16,0.010275125500000001,100.0,23.58350164,5.04801706,0.0,2.368703275e-14
348,1000,4096,1e-16,0.2441,100.0,23.58354765,5.04801716,0.0,6,6e-16,0.0057098866,100.0,23.58350164,5.04801706,0.0,2.368703275e-14
349,1000,4096,5e-16,0.2441,100.0,52.63924609,5.13227187,0.0,2,9.999999999999999e-16,0.0025289059,99.99998933,52.63922166,5.14204862,-0.09692744,3.9478944226e-14
